{"start_time": 1689152186.906215,"duration": 0.000939,"sample_count": 0,"program": "benchmark.py --pyis --stats --json --output_dir outputs/ --output_name push_33_6f9096e53966b73497147464fe552b0e635a1007","cpu_time": 0.000933,"root_frame": null}
